{"cameraMode":{"drawMode":0,"name":"Shaded","section":"Shading Mode"},"sceneLighting":true,"audioPlay":false,"sceneViewState":{"m_AlwaysRefresh":false,"showFog":true,"showSkybox":true,"showFlares":true,"showImageEffects":true,"showParticleSystems":true,"showVisualEffectGraphs":true,"m_FxEnabled":true},"in2DMode":false,"pivot":{"x":-10.313474655151368,"y":0.4686153531074524,"z":-1.8055411577224732},"rotation":{"x":0.011902819387614727,"y":-0.9729021191596985,"z":0.22512972354888917,"w":0.05141179636120796},"size":0.863897979259491,"orthographic":false}