{"cameraMode":{"drawMode":0,"name":"Shaded","section":"Shading Mode"},"sceneLighting":false,"audioPlay":false,"sceneViewState":{"m_AlwaysRefresh":false,"showFog":true,"showSkybox":true,"showFlares":true,"showImageEffects":true,"showParticleSystems":true,"showVisualEffectGraphs":true,"m_FxEnabled":true},"in2DMode":false,"pivot":{"x":-10.050468444824219,"y":4.558842658996582,"z":0.5318393111228943},"rotation":{"x":0.05390840768814087,"y":-0.6802523136138916,"z":0.050321511924266818,"w":0.7292991280555725},"size":-0.4752975106239319,"orthographic":false}