{"cameraMode":{"drawMode":0,"name":"Shaded","section":"Shading Mode"},"sceneLighting":false,"audioPlay":false,"sceneViewState":{"m_AlwaysRefresh":false,"showFog":true,"showSkybox":true,"showFlares":true,"showImageEffects":true,"showParticleSystems":true,"showVisualEffectGraphs":true,"m_FxEnabled":true},"in2DMode":false,"pivot":{"x":0.970625638961792,"y":0.8923859000205994,"z":0.2696453034877777},"rotation":{"x":-0.14973390102386475,"y":0.012766070663928986,"z":-0.0019337211269885302,"w":-0.9886572360992432},"size":2.250938653945923,"orthographic":false}