{"cameraMode":{"drawMode":0,"name":"Shaded","section":"Shading Mode"},"sceneLighting":false,"audioPlay":false,"sceneViewState":{"m_AlwaysRefresh":false,"showFog":true,"showSkybox":true,"showFlares":true,"showImageEffects":true,"showParticleSystems":true,"showVisualEffectGraphs":true,"m_FxEnabled":true},"in2DMode":false,"pivot":{"x":1.0234729051589966,"y":1.164473533630371,"z":0.3553895354270935},"rotation":{"x":-0.14973390102386475,"y":0.012766070663928986,"z":-0.0019337211269885302,"w":-0.9886572360992432},"size":1.9509387016296387,"orthographic":false}